DELETE FROM maintenance_detail;
DELETE FROM maintenance;
DELETE FROM notification;
DELETE FROM expiration_batch;
DELETE FROM sale;
DELETE FROM vending_slot;
DELETE FROM vending_machine;
DELETE FROM batch;
DELETE FROM invoice;
DELETE FROM supplier;
DELETE FROM product_info;
DELETE FROM product;
DELETE FROM refresh_tokens;
DELETE FROM app_user;

-- admin123          repo123
INSERT INTO app_user (id, email, password, first_name, last_name, role) VALUES ('00000000-0000-0000-0000-000000000001', 'admin@expmatik.com', '$2a$10$XUck0ZZl9lU8iRQpWexSy.izAOIXNW7XowjPL2Q4DUlNeljX/2tGu', 'Admin', 'Admin', 'ADMINISTRATOR');
INSERT INTO app_user (id, email, password, first_name, last_name, role) VALUES ('00000000-0000-0000-0000-000000000003', 'admin2@expmatik.com', '$2a$10$XUck0ZZl9lU8iRQpWexSy.izAOIXNW7XowjPL2Q4DUlNeljX/2tGu', 'Admin', 'Admin', 'ADMINISTRATOR');
INSERT INTO app_user (id, email, password, first_name, last_name, role) VALUES ('00000000-0000-0000-0000-000000000002', 'repo@expmatik.com', '$2a$10$HtXpXb2XGvjL8MeO4Zcn.ee0SSKMi5hHcyM5hAg3BH6Da3j1hqEb6', 'Reponedor', 'Reponedor', 'MAINTAINER');
INSERT INTO app_user (id, email, password, first_name, last_name, role) VALUES ('00000000-0000-0000-0000-000000000004', 'repo2@expmatik.com', '$2a$10$HtXpXb2XGvjL8MeO4Zcn.ee0SSKMi5hHcyM5hAg3BH6Da3j1hqEb6', 'Reponedor', 'Reponedor', 'MAINTAINER');

INSERT INTO product (id, name, brand, description, is_perishable, barcode, is_custom, created_by,image_url) VALUES 
('00000000-0000-0000-0000-000000000001', 'Leche Entera', 'Puleva', 'Leche entera de vaca', true, '20000001', false, null, 'https://example.com/images/leche_entera.jpg'),
('00000000-0000-0000-0000-000000000002', 'Pan de Molde', 'Bimbo', 'Pan de molde integral', false, '20000002', false, null, 'https://example.com/images/pan_molde.jpg'),
('00000000-0000-0000-0000-000000000003', 'Yogur Natural', 'Danone', 'Yogur natural sin azúcar', false, '20000003', false, null, 'https://example.com/images/yogur_natural.jpg'),
('00000000-0000-0000-0000-000000000004', 'ProductoPersonalizado', 'ProductoPersonalizado', 'Producto personalizado de prueba', false, '20000000', true, '00000000-0000-0000-0000-000000000001', '/uploads/images/fotoPrueba.jpg'),
('00000000-0000-0000-0000-000000000005', 'Requiere actualización', 'Requiere actualización', 'Requiere actualización', false, '20000004', false, null, 'https://example.com/images/requiere_actualizacion.jpg');

INSERT INTO product_info (id,stock_quantity, vat_rate,sale_unit_price,last_purchase_unit_price,need_update,product_id,user_id) VALUES 
('00000000-0000-0000-0000-000000000001', 100, 0.21, 2.50, 1.5,false, '00000000-0000-0000-0000-000000000004', '00000000-0000-0000-0000-000000000001'),
('00000000-0000-0000-0000-000000000002', 200, 0.21, 3.00, 2.2,false, '00000000-0000-0000-0000-000000000001', '00000000-0000-0000-0000-000000000001'),
('00000000-0000-0000-0000-000000000003', 150, 0.21, 1.59, 1.0,true, '00000000-0000-0000-0000-000000000005', '00000000-0000-0000-0000-000000000001');

INSERT INTO supplier (id, name) VALUES 
('00000000-0000-0000-0000-000000000001', 'Proveedor 1');

INSERT INTO invoice (id,invoice_date,invoice_number,status,supplier_id,user_id) VALUES 
('00000000-0000-0000-0000-000000000001', '2024-01-01', 'INV-001', 'PENDING', '00000000-0000-0000-0000-000000000001', '00000000-0000-0000-0000-000000000001'),
('00000000-0000-0000-0000-000000000002', '2024-02-02', 'INV-002', 'RECEIVED', '00000000-0000-0000-0000-000000000001', '00000000-0000-0000-0000-000000000001');

INSERT INTO batch (id, expiration_date, unit_price, quantity, product_id, invoice_id) VALUES 
('00000000-0000-0000-0000-000000000001', '2024-12-31', 3, 50, '00000000-0000-0000-0000-000000000001', '00000000-0000-0000-0000-000000000001'),
('00000000-0000-0000-0000-000000000002', null, 2, 100, '00000000-0000-0000-0000-000000000004', '00000000-0000-0000-0000-000000000001'),
('00000000-0000-0000-0000-000000000003', '2024-11-30', 1.59, 50, '00000000-0000-0000-0000-000000000001', '00000000-0000-0000-0000-000000000002');

INSERT INTO vending_machine (id, location, name,column_count,row_count,user_id) VALUES 
('00000000-0000-0000-0000-000000000001', 'Edificio A, Planta Baja', 'Máquina 1', 1, 1, '00000000-0000-0000-0000-000000000001'),
('00000000-0000-0000-0000-000000000002', 'Edificio B, Planta Alta', 'Máquina 2', 1, 1, '00000000-0000-0000-0000-000000000001'),
('00000000-0000-0000-0000-000000000003', 'Edificio C, Planta Baja', 'Máquina 3', 1, 1, '00000000-0000-0000-0000-000000000001'),
('00000000-0000-0000-0000-000000000004', 'Edificio D, Planta Alta', 'Máquina 4', 1, 1, '00000000-0000-0000-0000-000000000001'),
('00000000-0000-0000-0000-000000000005', 'Edificio E, Planta Baja', 'Máquina 5', 1, 1, '00000000-0000-0000-0000-000000000001'),
('00000000-0000-0000-0000-000000000006', 'Edificio F, Planta Alta', 'Máquina 6', 1, 1, '00000000-0000-0000-0000-000000000001'),
('00000000-0000-0000-0000-000000000007', 'Edificio G, Planta Alta', 'Máquina 7', 1, 1, '00000000-0000-0000-0000-000000000001'),
('00000000-0000-0000-0000-000000000008', 'Edificio H, Planta Alta', 'Máquina 8', 1, 1, '00000000-0000-0000-0000-000000000001'),
('00000000-0000-0000-0000-000000000009', 'Edificio I, Planta Baja', 'Máquina 9', 2, 1, '00000000-0000-0000-0000-000000000001');

INSERT INTO vending_slot (id,max_capacity,current_stock,is_blocked,row_number,column_number,vending_machine_id, product_id) VALUES 
('00000000-0000-0000-0000-000000000001', 2, 0, false, 1, 1, '00000000-0000-0000-0000-000000000001', '00000000-0000-0000-0000-000000000001'),
('00000000-0000-0000-0000-000000000002', 3, 0, true, 1, 1, '00000000-0000-0000-0000-000000000002', '00000000-0000-0000-0000-000000000001'),
('00000000-0000-0000-0000-000000000003', 5, 4, false, 1, 1, '00000000-0000-0000-0000-000000000003', '00000000-0000-0000-0000-000000000001'),
('00000000-0000-0000-0000-000000000004', 4, 2, true, 1, 1, '00000000-0000-0000-0000-000000000004', '00000000-0000-0000-0000-000000000001'),
('00000000-0000-0000-0000-000000000005', 6, 0, false, 1, 1, '00000000-0000-0000-0000-000000000005', null),
('00000000-0000-0000-0000-000000000006', 6, 2, true, 1, 1, '00000000-0000-0000-0000-000000000006', '00000000-0000-0000-0000-000000000001'),
('00000000-0000-0000-0000-000000000007', 6, 1, false, 1, 1, '00000000-0000-0000-0000-000000000007', '00000000-0000-0000-0000-000000000001'),
('00000000-0000-0000-0000-000000000008', 6, 1, false, 1, 1, '00000000-0000-0000-0000-000000000008', '00000000-0000-0000-0000-000000000005'),
('00000000-0000-0000-0000-000000000009', 100, 1, false, 1, 1, '00000000-0000-0000-0000-000000000009', '00000000-0000-0000-0000-000000000004'),
('00000000-0000-0000-0000-000000000010', 100, 1, false, 2, 1, '00000000-0000-0000-0000-000000000009', '00000000-0000-0000-0000-000000000004');

INSERT INTO expiration_batch (id, expiration_date,quantity,vending_slot_id) VALUES
('00000000-0000-0000-0000-000000000001', '2024-12-31',2, '00000000-0000-0000-0000-000000000004'),
('00000000-0000-0000-0000-000000000002', '2050-11-30',4, '00000000-0000-0000-0000-000000000003'),
('00000000-0000-0000-0000-000000000003', '2050-11-30',2, '00000000-0000-0000-0000-000000000006'),
('00000000-0000-0000-0000-000000000004', '2050-11-30',1, '00000000-0000-0000-0000-000000000007'),
('00000000-0000-0000-0000-000000000005', '2050-12-31',1, '00000000-0000-0000-0000-000000000008'),
('00000000-0000-0000-0000-000000000006', null,1, '00000000-0000-0000-0000-000000000009');

INSERT INTO sale (id, sale_date, total_amount, payment_method, status, vending_slot_id, product_id, failure_reason) VALUES
('00000000-0000-0000-0000-000000000001', '2024-03-01T10:00:00', 2.50, 'CREDIT_CARD', 'SUCCESS', '00000000-0000-0000-0000-000000000001', '00000000-0000-0000-0000-000000000001', null),
('00000000-0000-0000-0000-000000000002', '2024-03-02T11:30:00', 5.00, 'CASH', 'SUCCESS', '00000000-0000-0000-0000-000000000002', '00000000-0000-0000-0000-000000000001', null);

INSERT INTO notification (id, message, created_at, type, link, is_read, user_id) VALUES
('00000000-0000-0000-0000-000000000001', 'El producto Leche Entera está a punto de caducar.', '2024-03-01T09:00:00', 'EXPIRATION_WARNING', 'Unknown', false, '00000000-0000-0000-0000-000000000001'),
('00000000-0000-0000-0000-000000000002', 'El producto Leche Entera está caducado.', '2025-03-01T09:00:00', 'PRODUCT_EXPIRED', 'Unknown', true, '00000000-0000-0000-0000-000000000001');

INSERT INTO maintenance (id, maintenance_date,status, description,maintainer_id, administrator_id, vending_machine_id) VALUES
('00000000-0000-0000-0000-000000000001', '2050-03-05', 'COMPLETED', 'Mantenimiento completado', '00000000-0000-0000-0000-000000000002', '00000000-0000-0000-0000-000000000001', '00000000-0000-0000-0000-000000000002'),
('00000000-0000-0000-0000-000000000002', '2050-03-10', 'PENDING', 'Mantenimiento Pendiente', '00000000-0000-0000-0000-000000000002', '00000000-0000-0000-0000-000000000001', '00000000-0000-0000-0000-000000000002'),
('00000000-0000-0000-0000-000000000003', '2050-03-15', 'DRAFT', 'Modo borrador con producto que caduca', '00000000-0000-0000-0000-000000000002', '00000000-0000-0000-0000-000000000001', '00000000-0000-0000-0000-000000000002'),
('00000000-0000-0000-0000-000000000004', '2050-03-15', 'DRAFT', 'Modo borrador con producto que no caduca', '00000000-0000-0000-0000-000000000002', '00000000-0000-0000-0000-000000000001', '00000000-0000-0000-0000-000000000009'),
('00000000-0000-0000-0000-000000000005', '2050-03-15', 'DRAFT', 'Sin tareas de mantenimiento', '00000000-0000-0000-0000-000000000002', '00000000-0000-0000-0000-000000000001', '00000000-0000-0000-0000-000000000002'),
('00000000-0000-0000-0000-000000000006', '2050-03-20', 'COMPLETED', 'Mantenimiento completado', '00000000-0000-0000-0000-000000000002', '00000000-0000-0000-0000-000000000001', '00000000-0000-0000-0000-000000000002'),
('00000000-0000-0000-0000-000000000007', '2026-01-25', 'DELAYED', 'Mantenimiento retrasado', '00000000-0000-0000-0000-000000000002', '00000000-0000-0000-0000-000000000001', '00000000-0000-0000-0000-000000000002'),
('00000000-0000-0000-0000-000000000008', '2026-01-25', 'REJECTED_EXPIRED', 'Mantenimiento caducado', '00000000-0000-0000-0000-000000000002', '00000000-0000-0000-0000-000000000001', '00000000-0000-0000-0000-000000000002'),
('00000000-0000-0000-0000-000000000009', '2050-03-10', 'PENDING', 'Mantenimiento Pendiente sin caducidad', '00000000-0000-0000-0000-000000000002', '00000000-0000-0000-0000-000000000001', '00000000-0000-0000-0000-000000000009'),
('00000000-0000-0000-0000-000000000010', '2050-03-10', 'PENDING', 'Mantenimiento Pendiente donde el stock supera a lo permitido en la ranura', '00000000-0000-0000-0000-000000000002', '00000000-0000-0000-0000-000000000001', '00000000-0000-0000-0000-000000000003');

INSERT INTO maintenance_detail (id, quantity_to_restock,expiration_date, row_number, column_number,product_id, maintenance_id) VALUES
('00000000-0000-0000-0000-000000000001', 1, '2050-12-31', 1, 1, '00000000-0000-0000-0000-000000000001', '00000000-0000-0000-0000-000000000001'),
('00000000-0000-0000-0000-000000000002', 1, '2050-12-31', 1, 1, '00000000-0000-0000-0000-000000000001', '00000000-0000-0000-0000-000000000002'),
('00000000-0000-0000-0000-000000000003', 1, '2050-12-31', 1, 1, '00000000-0000-0000-0000-000000000001', '00000000-0000-0000-0000-000000000003'),
('00000000-0000-0000-0000-000000000004', 1, null, 1, 1, '00000000-0000-0000-0000-000000000001', '00000000-0000-0000-0000-000000000004'),
('00000000-0000-0000-0000-000000000005', 1, '2050-12-31', 1, 1, '00000000-0000-0000-0000-000000000001', '00000000-0000-0000-0000-000000000006'),
('00000000-0000-0000-0000-000000000006', 1, '2050-03-25', 1, 1, '00000000-0000-0000-0000-000000000001', '00000000-0000-0000-0000-000000000007'),
('00000000-0000-0000-0000-000000000007', 1, '2026-03-25', 1, 1, '00000000-0000-0000-0000-000000000001', '00000000-0000-0000-0000-000000000008'),
('00000000-0000-0000-0000-000000000008', 1, null, 1, 1, '00000000-0000-0000-0000-000000000001', '00000000-0000-0000-0000-000000000009'),
('00000000-0000-0000-0000-000000000009', 2, '2026-03-25', 1, 1, '00000000-0000-0000-0000-000000000001', '00000000-0000-0000-0000-000000000010');